[
    {
    "id": 0,
    "ranges": [
        { "min": 1, "max": 200, "Nasss": "1:3:0", "NavangStarAsRasee": 0, "Tri": 3, "Trisss": "3:0", "TriyangHarmi": 1 },
        { "min": 200.0001, "max": 400, "Nasss": "2:6:1", "NavangStarAsRasee": 1, "Tri": 3, "Trisss": "3:0", "TriyangHarmi": 1 },
        { "min": 400.0001, "max": 600, "Nasss": "3:4:2", "NavangStarAsRasee": 2, "Tri": 3, "Trisss": "3:0", "TriyangHarmi": 1 },
        { "min": 600.0001, "max": 800, "Nasss": "4:2:3", "NavangStarAsRasee": 3, "Tri": 1, "Trisss": "1:4", "TriyangHarmi": 0 },
        { "min": 800.0001, "max": 1000, "Nasss": "5:1:4", "NavangStarAsRasee": 4, "Tri": 1, "Trisss": "1:4", "TriyangHarmi": 0 },
        { "min": 1000.0001, "max": 1200, "Nasss": "6:4:5", "NavangStarAsRasee": 5, "Tri": 1, "Trisss": "1:4", "TriyangHarmi": 0 },
        { "min": 1200.0001, "max": 1400, "Nasss": "7:6:6", "NavangStarAsRasee": 6, "Tri": 5, "Trisss": "5:8", "TriyangHarmi": 0 },
        { "min": 1400.0001, "max": 1600, "Nasss": "8:3:7", "NavangStarAsRasee": 7, "Tri": 5, "Trisss": "5:8", "TriyangHarmi": 0 },
        { "min": 1600.0001, "max": 1800, "Nasss": "9:5:8", "NavangStarAsRasee": 8, "Tri": 5, "Trisss": "5:8", "TriyangHarmi": 0 }
    ]
    },
    {
    "id": 1,
    "ranges": [
        { "min": 1, "max": 200, "Nasss": "1:7:9", "NavangStarAsRasee": 9, "Tri": 6, "Trisss": "6:1", "TriyangHarmi": 0 },
        { "min": 200.0001, "max": 400, "Nasss": "2:7:10", "NavangStarAsRasee": 10, "Tri": 6, "Trisss": "6:1", "TriyangHarmi": 0 },
        { "min": 400.0001, "max": 600, "Nasss": "3:5:11", "NavangStarAsRasee": 11, "Tri": 6, "Trisss": "6:1", "TriyangHarmi": 0 },
        { "min": 600.0001, "max": 800, "Nasss": "4:3:0", "NavangStarAsRasee": 0, "Tri": 4, "Trisss": "4:5", "TriyangHarmi": 2 },
        { "min": 800.0001, "max": 1000, "Nasss": "5:6:1", "NavangStarAsRasee": 1, "Tri": 4, "Trisss": "4:5", "TriyangHarmi": 2 },
        { "min": 1000.0001, "max": 1200, "Nasss": "6:4:2", "NavangStarAsRasee": 2, "Tri": 4, "Trisss": "4:5", "TriyangHarmi": 2 },
        { "min": 1200.0001, "max": 1400, "Nasss": "7:2:3", "NavangStarAsRasee": 3, "Tri": 7, "Trisss": "7:9", "TriyangHarmi": 0 },
        { "min": 1400.0001, "max": 1600, "Nasss": "8:1:4", "NavangStarAsRasee": 4, "Tri": 7, "Trisss": "7:9", "TriyangHarmi": 0 },
        { "min": 1600.0001, "max": 1800, "Nasss": "9:4:5", "NavangStarAsRasee": 5, "Tri": 7, "Trisss": "7:9", "TriyangHarmi": 0 }
    ]
    },
    {
    "id": 2,
    "ranges": [
        { "min": 1, "max": 200, "Nasss": "1:6:6", "NavangStarAsRasee": 6, "Tri": 4, "Trisss": "4:2", "TriyangHarmi": 0 },
        { "min": 200.0001, "max": 400, "Nasss": "2:3:7", "NavangStarAsRasee": 7, "Tri": 4, "Trisss": "4:2", "TriyangHarmi": 0 },
        { "min": 400.0001, "max": 600, "Nasss": "3:5:8", "NavangStarAsRasee": 8, "Tri": 4, "Trisss": "4:2", "TriyangHarmi": 0 },
        { "min": 600.0001, "max": 800, "Nasss": "4:7:9", "NavangStarAsRasee": 9, "Tri": 6, "Trisss": "6:6", "TriyangHarmi": 0 },
        { "min": 800.0001, "max": 1000, "Nasss": "5:7:10", "NavangStarAsRasee": 10, "Tri": 6, "Trisss": "6:6", "TriyangHarmi": 0 },
        { "min": 1000.0001, "max": 1200, "Nasss": "6:5:11", "NavangStarAsRasee": 11, "Tri": 6, "Trisss": "6:6", "TriyangHarmi": 0 },
        { "min": 1200.0001, "max": 1400, "Nasss": "7:3:0", "NavangStarAsRasee": 0, "Tri": 7, "Trisss": "7:10", "TriyangHarmi": 3 },
        { "min": 1400.0001, "max": 1600, "Nasss": "8:6:1", "NavangStarAsRasee": 1, "Tri": 7, "Trisss": "7:10", "TriyangHarmi": 3 },
        { "min": 1600.0001, "max": 1800, "Nasss": "9:4:2", "NavangStarAsRasee": 2, "Tri": 7, "Trisss": "7:10", "TriyangHarmi": 3 }
    ]
    },
    {
    "id": 3,
    "ranges": [
        { "min": 1, "max": 200, "Nasss": "1:2:3", "NavangStarAsRasee": 3, "Tri": 2, "Trisss": "2:3", "TriyangHarmi": 0 },
        { "min": 200.0001, "max": 400, "Nasss": "2:1:4", "NavangStarAsRasee": 4, "Tri": 2, "Trisss": "2:3", "TriyangHarmi": 0 },
        { "min": 400.0001, "max": 600, "Nasss": "3:4:5", "NavangStarAsRasee": 5, "Tri": 2, "Trisss": "2:3", "TriyangHarmi": 0 },
        { "min": 600.0001, "max": 800, "Nasss": "4:6:5", "NavangStarAsRasee": 6, "Tri": 3, "Trisss": "3:7", "TriyangHarmi": 0 },
        { "min": 800.0001, "max": 1000, "Nasss": "5:3:7", "NavangStarAsRasee": 7, "Tri": 3, "Trisss": "3:7", "TriyangHarmi": 0 },
        { "min": 1000.0001, "max": 1200, "Nasss": "6:5:8", "NavangStarAsRasee": 8, "Tri": 3, "Trisss": "3:7", "TriyangHarmi": 0 },
        { "min": 1200.0001, "max": 1400, "Nasss": "7:7:9", "NavangStarAsRasee": 9, "Tri": 5, "Trisss": "5:11", "TriyangHarmi": 3 },
        { "min": 1400.0001, "max": 1600, "Nasss": "8:7:10", "NavangStarAsRasee": 10, "Tri": 5, "Trisss": "5:11", "TriyangHarmi": 3 },
        { "min": 1600.0001, "max": 1800, "Nasss": "9:5:11", "NavangStarAsRasee": 11, "Tri": 5, "Trisss": "5:11", "TriyangHarmi": 3 }
    ]
    },
    {
    "id": 4,
    "ranges": [
        { "min": 1, "max": 200, "Nasss": "1:3:0", "NavangStarAsRasee": 0, "Tri": 1, "Trisss": "1:4", "TriyangHarmi": 0 },
        { "min": 200.0001, "max": 400, "Nasss": "2:6:1", "NavangStarAsRasee": 1, "Tri": 1, "Trisss": "1:4", "TriyangHarmi": 0 },
        { "min": 400.0001, "max": 600, "Nasss": "3:4:2", "NavangStarAsRasee": 2, "Tri": 1, "Trisss": "1:4", "TriyangHarmi": 0 },
        { "min": 600.0001, "max": 800, "Nasss": "4:2:3", "NavangStarAsRasee": 3, "Tri": 5, "Trisss": "5:8", "TriyangHarmi": 2 },
        { "min": 800.0001, "max": 1000, "Nasss": "5:1:4", "NavangStarAsRasee": 4, "Tri": 5, "Trisss": "5:8", "TriyangHarmi": 2 },
        { "min": 1000.0001, "max": 1200, "Nasss": "6:4:5", "NavangStarAsRasee": 5, "Tri": 5, "Trisss": "5:8", "TriyangHarmi": 2 },
        { "min": 1200.0001, "max": 1400, "Nasss": "7:6:6", "NavangStarAsRasee": 6, "Tri": 3, "Trisss": "3:0", "TriyangHarmi": 0 },
        { "min": 1400.0001, "max": 1600, "Nasss": "8:3:7", "NavangStarAsRasee": 7, "Tri": 3, "Trisss": "3:0", "TriyangHarmi": 0 },
        { "min": 1600.0001, "max": 1800, "Nasss": "9:5:8", "NavangStarAsRasee": 8, "Tri": 3, "Trisss": "3:0", "TriyangHarmi": 0 }
    ]
    },
    {
    "id": 5,
    "ranges": [
        { "min": 1, "max": 200, "Nasss": "1:7:9", "NavangStarAsRasee": 9, "Tri": 4, "Trisss": "4:5", "TriyangHarmi": 1 },
        { "min": 200.0001, "max": 400, "Nasss": "2:7:10", "NavangStarAsRasee": 10, "Tri": 4, "Trisss": "4:5", "TriyangHarmi": 1 },
        { "min": 400.0001, "max": 600, "Nasss": "3:5:11", "NavangStarAsRasee": 11, "Tri": 4, "Trisss": "4:5", "TriyangHarmi": 1 },
        { "min": 600.0001, "max": 800, "Nasss": "4:3:0", "NavangStarAsRasee": 0, "Tri": 7, "Trisss": "7:9", "TriyangHarmi": 0 },
        { "min": 800.0001, "max": 1000, "Nasss": "5:6:1", "NavangStarAsRasee": 1, "Tri": 7, "Trisss": "7:9", "TriyangHarmi": 0 },
        { "min": 1000.0001, "max": 1200, "Nasss": "6:4:2", "NavangStarAsRasee": 2, "Tri": 7, "Trisss": "7:9", "TriyangHarmi": 0 },
        { "min": 1200.0001, "max": 1400, "Nasss": "7:2:3", "NavangStarAsRasee": 3, "Tri": 6, "Trisss": "6:1", "TriyangHarmi": 0 },
        { "min": 1400.0001, "max": 1600, "Nasss": "8:1:4", "NavangStarAsRasee": 4, "Tri": 6, "Trisss": "6:1", "TriyangHarmi": 0 },
        { "min": 1600.0001, "max": 1800, "Nasss": "9:4:5", "NavangStarAsRasee": 5, "Tri": 6, "Trisss": "6:1", "TriyangHarmi": 0 }
    ]
    },
    {
    "id": 6,
    "ranges": [
        { "min": 1, "max": 200, "Nasss": "1:6:6", "NavangStarAsRasee": 6, "Tri": 6, "Trisss": "6:6", "TriyangHarmi": 0 },
        { "min": 200.0001, "max": 400, "Nasss": "2:3:7", "NavangStarAsRasee": 7, "Tri": 6, "Trisss": "6:6", "TriyangHarmi": 0 },
        { "min": 400.0001, "max": 600, "Nasss": "3:5:8", "NavangStarAsRasee": 8, "Tri": 6, "Trisss": "6:6", "TriyangHarmi": 0 },
        { "min": 600.0001, "max": 800, "Nasss": "4:7:9", "NavangStarAsRasee": 9, "Tri": 7, "Trisss": "7:10", "TriyangHarmi": 2 },
        { "min": 800.0001, "max": 1000, "Nasss": "5:7:10", "NavangStarAsRasee": 10, "Tri": 7, "Trisss": "7:10", "TriyangHarmi": 2 },
        { "min": 1000.0001, "max": 1200, "Nasss": "6:5:11", "NavangStarAsRasee": 11, "Tri": 7, "Trisss": "7:10", "TriyangHarmi": 2 },
        { "min": 1200.0001, "max": 1400, "Nasss": "7:3:0", "NavangStarAsRasee": 0, "Tri": 4, "Trisss": "4:2", "TriyangHarmi": 0 },
        { "min": 1400.0001, "max": 1600, "Nasss": "8:6:1", "NavangStarAsRasee": 1, "Tri": 4, "Trisss": "4:2", "TriyangHarmi": 0 },
        { "min": 1600.0001, "max": 1800, "Nasss": "9:4:2", "NavangStarAsRasee": 2, "Tri": 4, "Trisss": "4:2", "TriyangHarmi": 0 }
    ]
    },
    {
    "id": 7,
    "ranges": [
        { "min": 1, "max": 200, "Nasss": "1:2:3", "NavangStarAsRasee": 3, "Tri": 3, "Trisss": "3:7", "TriyangHarmi": 0 },
        { "min": 200.0001, "max": 400, "Nasss": "2:1:4", "NavangStarAsRasee": 4, "Tri": 3, "Trisss": "3:7", "TriyangHarmi": 0 },
        { "min": 400.0001, "max": 600, "Nasss": "3:4:5", "NavangStarAsRasee": 5, "Tri": 3, "Trisss": "3:7", "TriyangHarmi": 0 },
        { "min": 600.0001, "max": 800, "Nasss": "4:6:6", "NavangStarAsRasee": 6, "Tri": 5, "Trisss": "5:11", "TriyangHarmi": 0 },
        { "min": 800.0001, "max": 1000, "Nasss": "5:3:7", "NavangStarAsRasee": 7, "Tri": 5, "Trisss": "5:11", "TriyangHarmi": 0 },
        { "min": 1000.0001, "max": 1200, "Nasss": "6:5:8", "NavangStarAsRasee": 8, "Tri": 5, "Trisss": "5:11", "TriyangHarmi": 0 },
        { "min": 1200.0001, "max": 1400, "Nasss": "7:7:9", "NavangStarAsRasee": 9, "Tri": 2, "Trisss": "2:3", "TriyangHarmi": 3 },
        { "min": 1400.0001, "max": 1600, "Nasss": "8:7:10", "NavangStarAsRasee": 10, "Tri": 2, "Trisss": "2:3", "TriyangHarmi": 3 },
        { "min": 1600.0001, "max": 1800, "Nasss": "9:5:11", "NavangStarAsRasee": 11, "Tri": 2, "Trisss": "2:3", "TriyangHarmi": 3 }
    ]
    },
    {
    "id": 8,
    "ranges": [
        { "min": 1, "max": 200, "Nasss": "1:3:0", "NavangStarAsRasee": 0, "Tri": 5, "Trisss": "5:8", "TriyangHarmi": 1 },
        { "min": 200.0001, "max": 400, "Nasss": "2:6:1", "NavangStarAsRasee": 1, "Tri": 5, "Trisss": "5:8", "TriyangHarmi": 1 },
        { "min": 400.0001, "max": 600, "Nasss": "3:4:2", "NavangStarAsRasee": 2, "Tri": 5, "Trisss": "5:8", "TriyangHarmi": 1 },
        { "min": 600.0001, "max": 800, "Nasss": "4:2:3", "NavangStarAsRasee": 3, "Tri": 3, "Trisss": "3:0", "TriyangHarmi": 0 },
        { "min": 800.0001, "max": 1000, "Nasss": "5:1:4", "NavangStarAsRasee": 4, "Tri": 3, "Trisss": "3:0", "TriyangHarmi": 0 },
        { "min": 1000.0001, "max": 1200, "Nasss": "6:4:5", "NavangStarAsRasee": 5, "Tri": 3, "Trisss": "3:0", "TriyangHarmi": 0 },
        { "min": 1200.0001, "max": 1400, "Nasss": "7:6:6", "NavangStarAsRasee": 6, "Tri": 1, "Trisss": "1:4", "TriyangHarmi": 0 },
        { "min": 1400.0001, "max": 1600, "Nasss": "8:3:7", "NavangStarAsRasee": 7, "Tri": 1, "Trisss": "1:4", "TriyangHarmi": 0 },
        { "min": 1600.0001, "max": 1800, "Nasss": "9:5:8", "NavangStarAsRasee": 8, "Tri": 1, "Trisss": "1:4", "TriyangHarmi": 0 }
    ]
    },
    {
    "id": 9,
    "ranges": [
        { "min": 1, "max": 200, "Nasss": "1:7:9", "NavangStarAsRasee": 9, "Tri": 7, "Trisss": "7:9", "TriyangHarmi": 0 },
        { "min": 200.0001, "max": 400, "Nasss": "2:7:10", "NavangStarAsRasee": 10, "Tri": 7, "Trisss": "7:9", "TriyangHarmi": 0 },
        { "min": 400.0001, "max": 600, "Nasss": "3:5:11", "NavangStarAsRasee": 11, "Tri": 7, "Trisss": "7:9", "TriyangHarmi": 0 },
        { "min": 600.0001, "max": 800, "Nasss": "4:3:0", "NavangStarAsRasee": 0, "Tri": 6, "Trisss": "6:1", "TriyangHarmi": 0 },
        { "min": 800.0001, "max": 1000, "Nasss": "5:6:1", "NavangStarAsRasee": 1, "Tri": 6, "Trisss": "6:1", "TriyangHarmi": 0 },
        { "min": 1000.0001, "max": 1200, "Nasss": "6:4:2", "NavangStarAsRasee": 2, "Tri": 6, "Trisss": "6:1", "TriyangHarmi": 0 },
        { "min": 1200.0001, "max": 1400, "Nasss": "7:2:3", "NavangStarAsRasee": 3, "Tri": 4, "Trisss": "4:5", "TriyangHarmi": 3 },
        { "min": 1400.0001, "max": 1600, "Nasss": "8:1:4", "NavangStarAsRasee": 4, "Tri": 4, "Trisss": "4:5", "TriyangHarmi": 3 },
        { "min": 1600.0001, "max": 1800, "Nasss": "9:4:5", "NavangStarAsRasee": 5, "Tri": 4, "Trisss": "4:5", "TriyangHarmi": 3 }
    ]
    },
    {
    "id": 10,
    "ranges": [
        { "min": 1, "max": 200, "Nasss": "1:6:6", "NavangStarAsRasee": 6, "Tri": 7, "Trisss": "7:10", "TriyangHarmi": 0 },
        { "min": 200.0001, "max": 400, "Nasss": "2:3:7", "NavangStarAsRasee": 7, "Tri": 7, "Trisss": "7:10", "TriyangHarmi": 0 },
        { "min": 400.0001, "max": 600, "Nasss": "3:5:8", "NavangStarAsRasee": 8, "Tri": 7, "Trisss": "7:10", "TriyangHarmi": 0 },
        { "min": 600.0001, "max": 800, "Nasss": "4:7:9", "NavangStarAsRasee": 9, "Tri": 4, "Trisss": "4:2", "TriyangHarmi": 2 },
        { "min": 800.0001, "max": 1000, "Nasss": "5:7:10", "NavangStarAsRasee": 10, "Tri": 4, "Trisss": "4:2", "TriyangHarmi": 2 },
        { "min": 1000.0001, "max": 1200, "Nasss": "6:5:11", "NavangStarAsRasee": 11, "Tri": 4, "Trisss": "4:2", "TriyangHarmi": 2 },
        { "min": 1200.0001, "max": 1400, "Nasss": "7:3:0", "NavangStarAsRasee": 0, "Tri": 6, "Trisss": "6:6", "TriyangHarmi": 0 },
        { "min": 1400.0001, "max": 1600, "Nasss": "8:6:1", "NavangStarAsRasee": 1, "Tri": 6, "Trisss": "6:6", "TriyangHarmi": 0 },
        { "min": 1600.0001, "max": 1800, "Nasss": "9:4:2", "NavangStarAsRasee": 2, "Tri": 6, "Trisss": "6:6", "TriyangHarmi": 0 }
    ]
    },
    {
    "id": 11,
    "ranges": [
        { "min": 1, "max": 200, "Nasss": "1:2:3", "NavangStarAsRasee": 3, "Tri": 5, "Trisss": "5:11", "TriyangHarmi": 1 },
        { "min": 200.0001, "max": 400, "Nasss": "2:1:4", "NavangStarAsRasee": 4, "Tri": 5, "Trisss": "5:11", "TriyangHarmi": 1 },
        { "min": 400.0001, "max": 600, "Nasss": "3:4:5", "NavangStarAsRasee": 5, "Tri": 5, "Trisss": "5:11", "TriyangHarmi": 1 },
        { "min": 600.0001, "max": 800, "Nasss": "4:6:6", "NavangStarAsRasee": 6, "Tri": 2, "Trisss": "2:3", "TriyangHarmi": 0 },
        { "min": 800.0001, "max": 1000, "Nasss": "5:3:7", "NavangStarAsRasee": 7, "Tri": 2, "Trisss": "2:3", "TriyangHarmi": 0 },
        { "min": 1000.0001, "max": 1200, "Nasss": "6:5:8", "NavangStarAsRasee": 8, "Tri": 2, "Trisss": "2:3", "TriyangHarmi": 0 },
        { "min": 1200.0001, "max": 1400, "Nasss": "7:7:9", "NavangStarAsRasee": 9, "Tri": 3, "Trisss": "3:7", "TriyangHarmi": 0 },
        { "min": 1400.0001, "max": 1600, "Nasss": "8:7:10", "NavangStarAsRasee": 10, "Tri": 3, "Trisss": "3:7", "TriyangHarmi": 0 },
        { "min": 1600.0001, "max": 1800, "Nasss": "9:5:11", "NavangStarAsRasee": 11, "Tri": 3, "Trisss": "3:7", "TriyangHarmi": 0 }
    ]
    }
]